<?xml version="1.0" encoding="UTF-8"?>
<beans:beans xmlns="http://www.springframework.org/schema/mvc"
	xmlns:xsi="http://www.w3.org/2001/XMLSchema-instance" xmlns:beans="http://www.springframework.org/schema/beans"
	xmlns:context="http://www.springframework.org/schema/context"
	xsi:schemaLocation="http://www.springframework.org/schema/mvc http://www.springframework.org/schema/mvc/spring-mvc.xsd
		http://www.springframework.org/schema/beans http://www.springframework.org/schema/beans/spring-beans.xsd
		http://www.springframework.org/schema/context http://www.springframework.org/schema/context/spring-context.xsd">

	<!-- DispatcherServlet Context: defines this servlet's request-processing 
		infrastructure -->

	<!-- Enables the Spring MVC @Controller programming model -->
	<annotation-driven />
	<!-- 인터셉터 등록 -->
	<interceptors>
		<interceptor>
			<mapping path="/**" />	
			<!-- 인터셉트 대상에서 제외 -->
		 	<exclude-mapping path="/resources/**" />
		 	<exclude-mapping path="/log**" />
		 	<exclude-mapping path = "/ad**" />
		 	<exclude-mapping path = "/forgot**"/>
		 	<exclude-mapping path = "/fi**"/>
		 	<exclude-mapping path="/join**" />
			<exclude-mapping path = "/ma**" />
		 	<exclude-mapping path="/findid**" />
		 	<exclude-mapping path="/change**" />
		 	<exclude-mapping path = "/page**" />
		 	<exclude-mapping path = "/insertit**" />
			<!-- bean은 객체 생성을 의미 -->
			<beans:bean class="com.ds.interceptor.MainInterceptor"></beans:bean>
		</interceptor>
	</interceptors>

	<!-- Handles HTTP GET requests for /resources/** by efficiently serving 
		up static resources in the ${webappRoot}/resources directory -->
	<resources mapping="/resources/**" location="/resources/" />

	<!-- Resolves views selected for rendering by @Controllers to .jsp resources 
		in the /WEB-INF/views directory -->
	<beans:bean
		class="org.springframework.web.servlet.view.InternalResourceViewResolver">
		<beans:property name="prefix" value="/WEB-INF/views/" />
		<beans:property name="suffix" value=".jsp" />
	</beans:bean>
	<!-- fileupload -->
	<beans:bean id="multipartResolver"
		class="org.springframework.web.multipart.commons.CommonsMultipartResolver">
		<beans:property name="maxUploadSize" value="102400000" />
	</beans:bean>


	<context:component-scan base-package="com.ds.yk01" />
	<context:component-scan base-package="com.ds.dao" />



</beans:beans>
