<?xml version="1.0" encoding="UTF-8"?>
<!DOCTYPE mapper PUBLIC "-//mybatis.org//DTD Mapper 3.0//EN" "http://mybatis.org/dtd/mybatis-3-mapper.dtd">
<mapper namespace="Item">
	<update id = "updateitemsize" parameterType = "com.ds.vo.ItemSizeVO2">
		UPDATE item_size
		SET xs = #{xs},
			s = #{s},
			m = #{m},
			l = #{l},
			xl = #{xl},
			xxl = #{xxl}
		WHERE item_no = #{item_no}
	</update>
	<select id = "itemcount" resultType = "int">
		SELECT COUNT(*)/3 + 1
		FROM item
	</select>
	<!-- 아이템 호출 최근걸로 -->
	<select id = "selectlistwoman" parameterType = "java.util.Map" resultType = "com.ds.vo.ItemCategoryVO">
		SELECT o.item_no, i.item_name, i.item_content, i.item_price, i.item_category,i.item_category1, o.item_img1
		FROM item i INNER JOIN item_img o ON i.item_no = o.item_no 
		WHERE i.item_category = "woman" order by o.item_date desc limit #{start}, 3;
	</select>
	<!-- 아이템 호출 최근걸로 -->
	<select id = "selectlistman" parameterType = "java.util.Map" resultType = "com.ds.vo.ItemCategoryVO">
		SELECT o.item_no, i.item_name, i.item_content, i.item_price, i.item_category,i.item_category1, o.item_img1
		FROM item i INNER JOIN item_img o ON i.item_no = o.item_no 
		WHERE i.item_category = "mem" order by o.item_date desc limit #{start}, 3;
	</select>
	<!-- 아이템 호출 최근걸로 -->
	<select id = "selectlistkids" parameterType = "java.util.Map" resultType = "com.ds.vo.ItemCategoryVO">
		SELECT o.item_no, i.item_name, i.item_content, i.item_price, i.item_category,i.item_category1, o.item_img1
		FROM item i INNER JOIN item_img o ON i.item_no = o.item_no 
		WHERE i.item_category = "kids" order by o.item_date desc limit #{start}, 3;
	</select>
	<!-- 물품 번호에 맞는 재고 수량 가져오기 -->
	<select id = "selectsizeitem" parameterType = "int" resultType = "com.ds.vo.ItemSizeVO2">
		SELECT *
		FROM item_size
		WHERE item_no = #{item_no}
	</select>
	<!-- 회원이 장바구니에 등록한 물품, 이미지등등 호출.. -->
	<select id="selectcartitem" resultType="com.ds.vo.ItemCartVO">
		SELECT oi.item_no,
		oi.item_name, oi.item_price, oi.item_img1,c.cart_no, c.mem_id, c.item_size,
		c.cart_cnt, c.cart_cnt * oi.item_price AS item_sumprice
		FROM (SELECT
		i.item_no, i.item_name, i.item_price, ii.item_img1 FROM item i
		INNER JOIN item_img ii
		ON i.item_no = ii.item_no) oi
		INNER JOIN member_cart c
		ON oi.item_no = c.item_no
		WHERE c.mem_id = #{mem_id}
	</select>
	<select id="selectorderlistid" resultType="com.ds.vo.OrderVO">
		SELECT * FROM `order`
		WHERE mem_id = #{mem_id}
	</select>
	<select id="selectorder" resultType="com.ds.vo.OrderVO">
		SELECT * FROM order
	</select>
	<!-- member -->
	<!-- 자신의 주문 목록에 대해 호출 -->
	<select id="getOrderCartlist" resultType="com.ds.vo.OrderVO">
		SELECT *
		FROM `order`
		WHERE mem_id = #{mem_id}
	</select>
	<!-- 장바구니에서 구매 할 시 장바구니의 내용을 삭제 -->
	<delete id="commitcart" parameterType="String">
		DELETE FROM `member_cart`
		WHERE mem_id = #{mem_id}
	</delete>
	<!-- 주문하기에 등록 -->
	<insert id="insertorder" parameterType="com.ds.vo.OrderVO">
		INSERT INTO
		`order`(item_no, item_price, mem_id, item_name, order_coin, order_cnt, item_size,
		order_date)
		VALUES(#{item_no}, #{item_price}, #{mem_id}, #{item_name},
		#{order_coin}, #{order_cnt},#{item_size}, NOW())
	</insert>
	<!-- 주문시 아이템 재고 차감 -->
	<update id="updateitemqty" parameterType="com.ds.vo.ItemQtyVO">
		UPDATE item_size
		SET	${item_size} = ${item_size} - #{order_cnt}
		WHERE item_no = #{item_no}
	</update>
	<!-- 장바구니에서 물품이 마음에 들지 않아  삭제 할 시 -->
	<delete id="deletecartitem" parameterType="com.ds.vo.CartVO">
		DELETE
		FROM member_cart
		WHERE cart_no = #{cart_no}
	</delete>
	<!-- 장바구니에서 총 합 -->
	<select id="sumprice" resultType="int">
		SELECT SUM(c.cart_cnt *
		i.item_price) AS fieldsum FROM member_cart c
		INNER JOIN item i
		ON i.item_no = c.item_no
		WHERE c.mem_id = #{mem_id}
	</select>
	<!-- single에서 등록 -->
	<!-- 회원의 주문 갯수 -->
	<select id="selectcountorder" parameterType="com.ds.vo.OrderVO"
		resultType="int">
		SELECT COUNT(*) FROM `order` WHERE mem_id = #{mem_id}
	</select>
	<!-- 회원의 장바구니 갯수 -->
	<select id="selectcountitem" parameterType="com.ds.vo.ItemCartVO"
		resultType="int">
		SELECT COUNT(*) FROM member_cart WHERE mem_id = #{mem_id}
	</select>
	
	<insert id="addUpdateCart" parameterType="com.ds.vo.CartVO">
		INSERT INTO member_cart
		VALUES
		(#{cart_no},#{item_no},#{mem_id},#{item_size}, #{cart_cnt},NOW())
		ON DUPLICATE KEY
		UPDATE cart_cnt = cart_cnt + #{cart_cnt}
	</insert>
	<select id="getitemcartlist" parameterType="String" resultType="com.ds.vo.CartVO">
		SELECT c.item_no, c.cart_cnt, c.cart_date, i.item_name, i.item_price
		FROM member_cart c
		INNER JOIN item i
		ON c.item_no = i.item_no
		WHERE
		c.mem_id = #{mem_id}
	</select>
	<select id="getcartno" resultType="int" parameterType="java.util.Map">
		SELECT
		ifnull(MAX(cart_no),0) FROM member_cart WHERE item_no = #{map1} AND
		mem_id = #{map2} LIMIT 1
	</select>
	
	<select id="getitemlist" parameterType="java.util.Map"
		resultType="com.ds.vo.ItemVO">
		SELECT * FROM item WHERE ${key_type} like
		concat('%',#{key_text},'%') order by item_no desc limit #{start}, 5
	</select>
	<select id="getitemlistsmall" parameterType="java.util.Map"
		resultType="com.ds.vo.ItemALL">
		SELECT i.item_no,
		i.item_name, i.item_content, i.item_price,
		o.item_img1, o.item_img2, o.item_img3
		FROM item i INNER JOIN item_img o
		ON i.item_no
		= o.item_no
		GROUP BY item_no
		ORDER BY item_no DESC LIMIT #{start},3
	</select>
	<select id="getitemlistsmall1" parameterType="java.util.Map"
		resultType="com.ds.vo.ItemALL">
		SELECT i.item_no,
		i.item_name, i.item_content, i.item_price,
		o.item_img1, o.item_img2, o.item_img3
		FROM item i INNER JOIN item_img o
		ON i.item_no
		= o.item_no
		GROUP BY item_no
		ORDER BY item_no DESC LIMIT #{start},3
	</select> 
	<select id="getitemlisttot" parameterType = "java.util.Map"  resultType="int">
		select count(*)
		from item
	    WHERE ${key_type} like
		concat('%',#{key_text},'%')
	</select>
	
	<select id = "getorderlist" parameterType = "java.util.Map">
		SELECT * FROM `order` WHERE ${key_type} like
		concat('%',#{key_text},'%') order by item_no desc limit #{start}, 5
	</select>
	
	<select id="selectorderitemimg" parameterType = "java.util.Map" resultType="com.ds.vo.SelectOrderVO">
		SELECT h.order_no, h.item_price, h.order_cnt, h.order_date, h.mem_id AS mem_id, h.order_coin, h.item_name, 
			g.mem_phone, g.mem_postnum, g.mem_addr1, g.mem_addr2, g.mem_name, h.order_cnt * h.item_price AS item_sumprice
		FROM (
			SELECT i.order_no, o.item_no, i.item_price,i.item_name, i.order_cnt,i.order_date, i.mem_id, i.order_coin
			FROM `order` i INNER JOIN item_img o
			ON i.item_no = o.item_no) h
		INNER JOIN member g
		ON g.mem_id = h.mem_id
	 	WHERE h.${key_type} like concat('%',#{key_text},'%') order by h.order_no desc limit #{start}, 5
	</select>
	
	
	<select id = "getorderlisttot" parameterType = "java.util.Map" resultType = "int">
		select count(*)
		from `order`
		WHERE ${key_type} like concat('%',#{key_text},'%')
	</select>
	<select id="getitemlist1" resultType="com.ds.vo.ItemVO">
		SELECT * FROM item
	</select>
	<insert id="insertitem" parameterType="com.ds.vo.ItemVO">
		INSERT INTO
		item(item_no,item_name, item_content, item_price,
		item_category,item_category1,item_date)
		VALUES(
		#{item_no},#{item_name},#{item_content},#{item_price}, #{item_category},#{item_category1},NOW()
		)
	</insert>
	<select id = "lastsizeno" resultType = "int">
		SELECT
		ifnull(MAX(item_size_no),100000) FROM item_size
	</select>
	<insert id = "insertitemsize" parameterType = "com.ds.vo.ItemSizeVO">
		INSERT INTO
		item_size(item_size_no,item_no, xs, s, m, l, xl, xxl)
		VALUES(
			#{item_size_no},#{item_no}, #{size_xs}, #{size_s},#{size_l}, #{size_l}, #{size_xl}, #{size_xxl}
		)
	</insert>
	<select id="lastno" resultType="int">
		SELECT
		ifnull(MAX(item_no),100000) FROM item
	</select>
	<insert id="insertItemimg" parameterType="com.ds.vo.Item_IMGVO">
		INSERT INTO item_img
		VALUES(
		#{item_no},
		#{file1},
		#{file2},
		#{file3},
		NOW()
		)
	</insert>
	<select id="getitem1" parameterType="int" resultType="com.ds.vo.ItemVO">
		SELECT *
		FROM item WHERE item_no = #{item_no}
	</select>
	<update id="itemupdate" parameterType="com.ds.vo.ItemVO">
		UPDATE item
		SET
		item_name = #{item_name},
		item_content = #{item_content},
		item_price = #{item_price},
		item_category = #{item_category}
		WHERE item_no = #{item_no}
	</update>
	<!-- 관리자 창에서 물품을 삭제할 시   -->
	<delete id="itemdelete" parameterType="com.ds.vo.ItemVO">
		DELETE
		FROM item
		WHERE item_no = #{item_no}
	</delete>
	<!-- 관리자 창에서 물품을 삭제할 시 -->
	<delete id="imgdelete" parameterType="com.ds.vo.Item_IMGVO">
		DELETE FROM
		item_img
		WHERE
		item_no = #{item_no}
	</delete>
	<!-- 관리자 창에서 물품을 삭제할 시 -->
	<delete id="qtydelete" parameterType = "com.ds.vo.ItemSizeVO">
		DELETE FROM
		item_size
		WHERE item_no = #{item_no}
	</delete>
	<select id="getimg" resultType="com.ds.vo.ItemALL">
		SELECT i.item_no, i.item_name,
		i.item_content, i.item_price,
		o.item_img1, o.item_img2, o.item_img3
		FROM item i INNER JOIN item_img o
		ON i.item_no
		= o.item_no
		WHERE i.item_no = #{item_no}
	</select>
	
	<select id="getimglist" resultType="com.ds.vo.ItemALL">
		SELECT i.item_no,
		i.item_name, i.item_content, i.item_price,
		o.item_img1, o.item_img2, o.item_img3
		FROM item i INNER JOIN item_img o
		ON i.item_no
		= o.item_no
		GROUP BY item_no
		ORDER BY item_no DESC LIMIT 0,2
		
	</select>
	<select id = "getimglist4" resultType = "com.ds.vo.ItemALL">
		SELECT i.item_no,
		i.item_name, i.item_content, i.item_price,
		o.item_img1, o.item_img2, o.item_img3
		FROM item i INNER JOIN item_img o
		ON i.item_no
		= o.item_no
		GROUP BY item_no
		ORDER BY item_no DESC LIMIT 4,2
	</select>
	<select id="getimglist11" resultType="com.ds.vo.ItemALL">
		SELECT i.item_no,
		i.item_name, i.item_content, i.item_price,
		o.item_img1, o.item_img2, o.item_img3
		FROM item i INNER JOIN item_img o
		ON i.item_no
		= o.item_no
		GROUP BY item_no
		ORDER BY item_no DESC LIMIT 0,4
	</select>
	
	<select id="getimgOne" resultType="com.ds.vo.ItemALL">
		SELECT i.item_no,
		i.item_name, i.item_content, i.item_price,
		o.item_img1, o.item_img2, o.item_img3
		FROM item i INNER JOIN item_img o
		ON i.item_no
		= o.item_no
		GROUP BY item_no
		ORDER BY item_no DESC LIMIT 3,1
	</select>
	<select id="getimgTwo" resultType="com.ds.vo.ItemALL">
		SELECT i.item_no,
		i.item_name, i.item_content, i.item_price,
		o.item_img1, o.item_img2, o.item_img3
		FROM item i INNER JOIN item_img o
		ON i.item_no
		= o.item_no
		GROUP BY item_no
		ORDER BY item_no DESC LIMIT 8,1
	</select>
	<select id="getimgThree" resultType="com.ds.vo.ItemALL">
		SELECT i.item_no,
		i.item_name, i.item_content, i.item_price,
		o.item_img1, o.item_img2, o.item_img3
		FROM item i INNER JOIN item_img o
		ON i.item_no
		= o.item_no
		GROUP BY item_no
		ORDER BY item_no DESC LIMIT 9,1
	</select>
	<insert id="insertcart">
		INSERT INTO member_cart VALUES(#{cart_no},
		#{item_no}, #{mem_id}, NOW())
	</insert>
	<select id="selectcart" resultType="com.ds.vo.CartVO">
		SELECT * FROM member_cart
		WHERE mem_id = #{mem_id}
	</select>
</mapper>