<?xml version="1.0" encoding="UTF-8"?>
<!DOCTYPE mapper PUBLIC "-//mybatis.org//DTD Mapper 3.0//EN" "http://mybatis.org/dtd/mybatis-3-mapper.dtd">
<mapper namespace="Mail">
	<insert id = "mailwrite" parameterType ="com.ds.vo.Mail">
		INSERT INTO mail VALUES(#{mail_no},#{mem_id},#{mem_name},#{mail_title},#{content},NOW(),#{mail_answer})
	</insert>
	<select id = "selectmaillist" parameterType = "java.util.Map" resultType = "com.ds.vo.Mail">
		SELECT * FROM mail order by mail_date desc limit #{start}, 5
	</select>
	
	<select id = "MailContent" resultType = "com.ds.vo.Mail">
		SELECT * FROM mail WHERE mail_no= #{mail_no}
	</select>
	<!-- mail 갯수 받아들이기 -->
	<select id = "getMailCount" resultType = "int">
		SELECT COUNT(*)
		FROM mail
	</select>
	<!-- 답장 보내기가 완료 되었을 시 메일을 삭제 -->
	<delete id = "complete_answer" parameterType = "int">
		DELETE FROM mail
		WHERE mail_no = #{mail_no}
	</delete>
</mapper>