<?xml version="1.0" encoding="UTF-8"?>
<!DOCTYPE mapper PUBLIC "-//mybatis.org//DTD Mapper 3.0//EN" "http://mybatis.org/dtd/mybatis-3-mapper.dtd">
<mapper namespace="Member">
	<!-- 비밀번호 변경 -->
	<update id = "changepassword" parameterType = "com.ds.vo.Member">
		UPDATE member
		SET mem_pw = SHA1(#{mem_pw})
		WHERE mem_id = #{mem_id}
	</update>
	<select id = "signlogin" parameterType = "com.ds.vo.Member"  resultType = "com.ds.vo.Member">
		SELECT *
		FROM `member`
		WHERE mem_id = #{mem_id} AND mem_pw = SHA1(#{mem_pw})
	</select>
	<!-- 회원 아이디 찾기 -->
	<select id = "findid" parameterType ="com.ds.vo.Member" resultType = "com.ds.vo.Member">
		SELECT mem_id
		FROM `member`
		WHERE mem_name = #{mem_name} AND
			  mem_tel = #{mem_tel} AND
			  mem_tel1 = #{mem_tel1} AND
			  mem_tel2 = #{mem_tel2} AND
			  mem_year like concat('%',#{mem_year},'%') AND
			  mem_month like concat('%', #{mem_month}, '%') AND
			  mem_day like concat('%',#{mem_day}, '%')
	</select>
	<!-- 비밀번호 찾기(변경) -->
	<select id = "findpassword" parameterType = "com.ds.vo.Member" resultType = "com.ds.vo.Member">
		SELECT *
		FROM `member`
		WHERE mem_name = #{mem_name} AND
			  mem_id = #{mem_id} AND
			  mem_tel = #{mem_tel} AND
			  mem_tel1 = #{mem_tel1} AND
			  mem_tel2 = #{mem_tel2} AND
			  mem_year like concat('%',#{mem_year},'%') AND
			  mem_month like concat('%', #{mem_month}, '%') AND
			  mem_day like concat('%',#{mem_day}, '%')
	</select>
	<select id = "selectblocklist" parameterType = "com.ds.vo.Member" resultType = "com.ds.vo.Member">
		SELECT *
		FROM `member`
		WHERE mem_use = 0
	</select>
	<insert id = "insertmember" parameterType = "com.ds.vo.Member">
		INSERT INTO `member`
		(mem_id, mem_pw, mem_name, mem_telcom, mem_tel, mem_tel1, mem_tel2, mem_phone,
		mem_birth,mem_point, 
		mem_year,mem_month,mem_day,mem_postnum, mem_addr1, mem_addr2, mem_date)
		VALUES(
			#{mem_id},
			SHA1(#{mem_pw}),
			#{mem_name},
			#{mem_telcom},
			#{mem_tel},
			#{mem_tel1},
			#{mem_tel2},
			#{mem_phone},
			#{mem_birth},
			#{mem_point}+1000,
			#{mem_year},
			#{mem_month},
			#{mem_day},
			#{mem_postnum},
			#{mem_addr1},
			#{mem_addr2},
			NOW()
		)
	</insert>
	<select id="idCheck" parameterType="String" resultType="int">
		SELECT 
			count(*)
		FROM 
			`member`
		WHERE 
			mem_id=#{mem_id}
	</select>
	<select id = "userlogin" parameterType = "com.ds.vo.Member" resultType = "com.ds.vo.Member">
		SELECT *
		FROM member
		WHERE mem_id = #{mem_id} 
		AND mem_pw = SHA1(#{mem_pw}) 
		AND mem_use = 1
	</select>
	<select id = "selectmember" parameterType = "com.ds.vo.Member" resultType = "com.ds.vo.Member">
		SELECT *
		FROM member
		WHERE mem_id = #{mem_id}
	</select>
	<update id = "updatemember" parameterType = "com.ds.vo.Member">
		UPDATE member
		SET
			mem_name = #{mem_name},
			mem_telcom = #{mem_telcom},
			mem_tel = #{mem_tel},
			mem_tel1 = #{mem_tel1},
			mem_tel2 = #{mem_tel2},
			mem_postnum = #{mem_postnum},
			mem_addr1 = #{mem_addr1},
			mem_addr2 = #{mem_addr2}
		WHERE
			mem_id = #{mem_id}
	</update>
	<update id = "deletemem" parameterType = "java.util.Map">
		UPDATE member
		SET 
			mem_use = 0
		WHERE mem_id = #{mem_id} AND mem_pw = SHA1(#{mem_pw})
	</update>
	<select id= "selectmember_admin" parameterType = "java.util.Map" resultType = "com.ds.vo.Member">
		SELECT *
		FROM member
		order by member.mem_date desc limit #{start}, 5
	</select>
	<select id = "getmembercount" resultType = "int">
		SELECT COUNT(*)
		FROM member
	</select>
</mapper>