<?xml version="1.0" encoding="UTF-8"?>
<beans xmlns="http://www.springframework.org/schema/beans"
	xmlns:xsi="http://www.w3.org/2001/XMLSchema-instance"
	xsi:schemaLocation="http://www.springframework.org/schema/beans
    http://www.springframework.org/schema/beans/spring-beans-3.0.xsd">

	<bean id="propertyPlaceholderConfigurer" class="org.springframework.beans.factory.config.PropertyPlaceholderConfigurer">
		<property name="locations">
			<value>/WEB-INF/mybatis/mariadb.properties</value>
		</property>
	</bean>

	<bean id="dataSource" class="org.apache.commons.dbcp.BasicDataSource"
		destroy-method="close">
		<property name="driverClassName" value="${driver}" />
		<property name="url" value="${url}" />
		<property name="username" value="${username}" />
		<property name="password" value="${password}" />
	</bean>
	
<!-- 	 <bean id="dataSource" class="net.sf.log4jdbc.Log4jdbcProxyDataSource"> -->
<!--         <constructor-arg ref="dataSource1" /> -->
<!--         <property name="logFormatter"> -->
<!--             <bean class="net.sf.log4jdbc.tools.Log4JdbcCustomFormatter"> -->
<!--                 <property name="loggingType" value="MULTI_LINE" /> -->
<!--                 <property name="sqlPrefix" value="SQL :  "/> -->
<!--             </bean> -->
<!--         </property> -->
<!--     </bean> -->
	
	
	<bean id="sqlSessionFactory" class="org.mybatis.spring.SqlSessionFactoryBean">
		<property name="dataSource" ref="dataSource" />
		<property name="mapperLocations" value="classpath:com/ds/mapper/*.xml" />
		<property name="configLocation" value="/WEB-INF/mybatis/mybatis-config.xml" />

		<property name="transactionFactory">
			<bean
				class="org.apache.ibatis.transaction.managed.ManagedTransactionFactory" />
		</property>
	</bean>

	<bean id="sqlSession" class="org.mybatis.spring.SqlSessionTemplate">
		<constructor-arg index="0" ref="sqlSessionFactory" />
	</bean>

</beans>
